7896756,FAM87B,6.59473,6.67047,6.53501,6.5472,6.75444,6.89181
7896759,LINC01128,7.68808,7.40509,7.65582,7.81675,7.80703,7.86267
7896761,SAMD11,7.72802,7.85591,7.69456,7.48635,7.63937,7.89681
7896779,KLHL17,8.56073,8.47403,8.44666,8.26001,8.58068,8.42368
7896798,PLEKHN1,8.27655,8.26439,8.19077,8.17049,8.33153,8.3861
7896817,ISG15,8.1543,8.22345,8.24154,8.16128,8.3293,8.25015
7896822,AGRN,10.5041,9.69041,9.77242,10.3255,10.2274,10.0418
7896859,MIR200B,7.89351,7.86332,7.75665,7.78906,7.85199,7.93679
7896861,MIR200A,6.00099,5.86526,5.62388,5.79624,5.94951,5.6599
7896863,MIR429,7.15273,7.22718,7.33511,7.57293,7.18126,7.19474
7896865,TTLL10,8.50074,8.57879,8.50041,8.53074,8.42992,8.60346
7896878,B3GALT6,9.57831,9.25542,9.29146,9.05122,9.21383,9.07549
7896882,SCNN1D,8.17525,8.03428,8.09116,8.21124,8.15676,8.2306
7896908,PUSL1,9.95718,9.94784,10.0317,9.68595,10.0146,9.98057
7896917,CPTP,9.03367,9.06915,9.08697,8.69895,8.9657,8.90377
7896921,TAS1R3,7.86089,7.89207,7.79177,7.88666,7.77033,7.89809
7896929,VWA1,8.61689,8.54323,8.45266,8.61025,8.6346,8.84652
7896937,ATAD3C,6.86297,6.98864,6.94279,6.81107,6.97227,6.97148
7896952,ATAD3A,10.1698,10.1379,10.1311,9.87976,10.0263,9.96997
7896961,ATAD3C,9.78146,9.62951,9.70678,9.43873,9.54066,9.5006
7896983,SSU72,7.24223,7.24639,7.22072,7.08629,7.35148,7.54297
7896985,MIB2,8.83321,8.83876,8.75728,8.50553,8.69521,8.70744
7897006,MMP23A,8.80837,8.7971,8.78035,8.72389,8.75766,8.92004
7897026,CALML6,6.9632,7.07683,7.00864,7.09452,7.14702,7.14166
7897034,GABRD,8.32593,8.37292,8.37323,8.31625,8.28412,8.407
7897044,PRKCZ,8.74845,9.02402,8.96106,8.60869,8.76872,8.70613
7897066,FAAP20,7.26564,7.40552,7.26824,7.29885,7.30421,7.52386
7897068,SKI,10.3319,10.0695,10.0282,10.2157,10.0243,10.0966
7897076,MORN1,7.14911,7.19011,7.14774,7.03265,6.85446,7.36855
7897078,RER1,10.0459,10.0298,10.1055,9.82584,9.99709,9.76585
7897089,PLCH2,8.10884,8.08719,8.07666,8.002,7.97159,8.12257
7897119,FAM213B,9.15045,9.20251,9.11962,9.12671,9.31028,9.18873
7897128,ACTRT2,7.4181,7.55779,7.30675,7.36844,7.40596,7.57186
7897132,PRDM16,7.46258,7.53555,7.41605,7.33454,7.47495,7.84968
7897154,ARHGEF16,8.78803,8.58057,8.64755,8.56597,8.66485,8.54154
7897172,TPRG1L,9.25198,9.6288,9.42613,9.03796,9.41954,9.14793
7897179,TP73,8.10514,7.97957,7.97888,8.41379,8.36065,8.44858
7897196,CCDC27,7.5281,7.57001,7.48397,7.41711,7.4878,7.66645
7897210,DFFB,8.10808,8.10811,8.07557,8.13598,8.08269,8.41268
7897227,AJAP1,6.28065,6.22178,6.16179,6.27701,6.09126,6.48067
7897236,KCNAB2,7.58591,7.75633,7.73286,7.57358,7.72808,7.78725
7897257,RNF207,8.32812,8.18167,8.22045,8.27636,8.30415,8.26869
7897263,RNF207,8.07014,7.84552,7.84064,8.24702,8.04073,8.10523
7897277,LINC00337,7.0414,7.11231,6.85011,7.06183,6.87301,7.16847
7897280,HES3,7.91463,8.05488,7.92252,7.71925,7.94792,8.18503
7897286,LOC100130071,8.68614,8.70191,8.41646,8.67708,8.48659,8.65803
7897288,ESPN,9.06441,8.86311,9.01422,8.8779,9.03161,9.1896
7897293,chr1:6600914-6600994,7.52527,7.39803,7.21942,7.38395,7.39731,7.71072
7897295,TAS1R1,7.26017,7.31511,7.21387,7.21956,7.354,7.45263
7897305,ZBTB48,7.43841,7.59697,7.3801,7.31658,7.33245,7.45887
7897322,PHF13,8.1689,8.32775,8.37653,8.33068,8.59645,8.40448
7897329,THAP3,7.75172,7.74211,7.95828,7.49533,7.62745,7.56898
7897339,CAMTA1,7.12785,7.39835,7.03699,7.14451,7.24046,7.32597
7897368,chr1:7279420-7279584,6.2976,6.28488,6.29066,6.02371,6.35668,6.44254
7897370,VAMP3,9.76717,10.1072,10.1864,9.97246,10.1128,10.1644
7897378,PER3,9.62446,9.73261,9.76135,9.69922,9.6238,9.6218
7897404,PARK7,11.1972,11.5513,11.3971,11.2114,11.6175,11.4046
7897416,SLC45A1,7.16055,7.22248,7.18997,6.96343,7.22387,7.42801
7897422,chr1:8388127-8388237,6.02969,5.97955,5.86768,6.08614,5.84442,6.17106
7897424,chr1:8953568-8953840,6.83614,6.80184,6.55842,6.84086,7.29965,7.00552
7897426,CA6,6.43464,6.53223,6.55699,6.38752,6.44758,6.51134
7897439,chr1:9142755-9142938,6.83616,6.71874,6.64403,6.65793,6.6263,6.66218
7897441,H6PD,8.59367,8.2974,8.33237,8.33547,8.25985,8.03101
7897449,SPSB1,8.54842,8.65036,8.61871,8.35874,8.30038,8.49203
7897460,SLC25A33,9.05648,9.31029,9.42735,8.9136,9.21877,9.18139
7897469,TMEM201,8.26729,8.02366,8.20685,8.38443,8.50288,8.35587
7897482,PIK3CD,7.72491,7.6708,7.62484,7.75915,7.73568,7.85607
7897509,NMNAT1,6.46772,6.41942,6.45177,6.35256,6.55556,6.43341
7897520,chr1:10007376-10007698,7.81055,7.44016,7.60565,7.9042,7.76775,7.50529
7897522,RBP7,5.93854,5.92126,5.98248,5.90044,5.65258,6.05484
7897527,UBE4B,9.80369,9.92142,9.99316,10.1111,10.018,10.0515
7897559,chr1:10223326-10223432,4.46515,4.5014,4.47887,4.56651,4.61075,4.60843
7897561,KIF1B,9.29644,9.0266,9.01275,9.36966,9.1877,9.14731
7897620,PGD,11.7245,11.9209,11.7497,12.0121,12.1063,12.0085
7897632,APITD1-CORT,7.46323,7.62535,7.59813,7.39187,7.70847,7.65731
7897648,PEX14,8.72515,8.74318,8.73655,8.5647,8.7883,8.74777
7897661,chr1:10676893-10677172,9.14985,8.99139,8.95594,9.13456,9.1208,9.04863
7897663,TARDBP,11.0767,11.1004,10.7965,11.0391,11.1671,11.1394
7897675,ANGPTL7,5.59139,5.72404,5.72701,5.66146,5.52485,5.84318
7897683,chr1:11286311-11286417,4.05057,4.27473,4.20247,4.3294,4.10759,4.34415
7897685,UBIAD1,9.66721,9.89893,9.76383,9.38966,9.2944,9.50072
7897691,DISP3,7.37842,7.45511,7.37358,7.47463,7.48971,7.71971
7897714,FBXO44,8.4634,8.38246,8.45487,8.18383,8.41947,8.47882
7897728,FBXO6,8.20187,8.40256,8.21079,8.10294,8.25376,8.33218
7897737,DRAXIN,8.7709,8.55276,8.57003,8.83886,8.73319,8.81225
7897745,AGTRAP,10.2313,10.4082,10.4589,10.2885,10.4957,10.4656
7897753,C1orf167,7.56091,7.55696,7.53757,7.5683,7.47884,7.78384
7897774,CLCN6,8.80992,8.86446,8.92588,9.50205,9.12781,9.11157
7897801,RNU5E-1,9.37226,7.05507,7.62529,11.0993,10.4954,10.0733
7897803,PLOD1,10.8449,10.4463,10.494,11.2096,10.9978,10.8739
7897824,MFN2,10.7373,10.7904,10.7153,10.4087,10.6242,10.3989
7897849,MIIP,8.78852,8.90955,8.87775,8.36444,8.61145,8.726
7897860,TNFRSF8,8.31951,8.25959,8.24356,8.19454,8.2074,8.40767
7897877,TNFRSF1B,7.31642,7.33529,7.02724,7.22796,7.07952,7.32287
7897890,VPS13D,9.04954,8.70131,8.67431,9.08716,8.59869,8.5526
7897955,AADACL4,5.46754,5.40801,5.56306,5.438,5.54892,5.44268
7897960,AADACL3,5.89969,5.88378,5.72172,5.85361,5.81943,5.79084
7897964,chr1:12799692-12799796,4.62058,4.57923,4.54871,4.55411,4.34432,4.94019
7897966,C1orf158,5.70569,5.7686,5.65685,5.7975,5.6062,5.53011
7897974,PRAMEF12,6.86059,6.71953,6.74992,6.72231,6.71408,6.87123
7897978,PRAMEF14,4.6723,4.58383,4.62348,4.60309,4.63581,4.61105
7897987,PRAMEF2,5.44918,5.53722,5.61267,5.41175,5.6436,5.73614
7898034,PRAMEF34P,9.14017,9.24854,9.03675,9.16764,8.86646,9.2834
7898040,LOC101930169,5.87043,6.03445,5.57468,5.18453,5.6544,4.9019
7898048,PRAMEF17,5.98071,5.66644,5.85323,5.88118,5.81666,5.99466
7898052,PRAMEF15,6.37352,6.53853,6.49195,6.49617,6.33427,6.62884
7898057,PDPN,6.83979,7.07557,6.81799,6.77247,6.75493,6.9797
7898070,PRDM2,8.62969,8.30422,8.4874,8.65283,8.48296,8.53666
7898084,KAZN,8.21478,8.34927,8.41176,8.27261,8.2437,8.38088
7898102,KAZN,7.70413,7.70403,7.65494,7.70804,7.66764,7.59766
7898112,TMEM51-AS1,7.45693,7.34358,7.24098,7.36356,6.65738,7.09072
7898115,TMEM51,7.37596,7.31132,7.20514,7.50707,7.44806,7.31975
7898124,FHAD1,6.33077,6.40616,6.24661,6.19578,6.20339,6.33305
7898161,EFHD2,8.35093,8.34602,8.57465,8.65725,8.98921,8.75465
7898167,CTRC,6.82078,6.6415,6.64443,6.74948,6.70635,6.78336
7898176,CELA2A,6.62914,6.71077,6.68213,6.70819,6.67544,6.82014
7898184,CELA2B,7.25563,7.21053,7.35653,7.2341,7.28384,7.23948
7898192,DNAJC16,8.7595,8.9381,8.87539,8.74144,8.73619,8.56974
7898209,chr1:15931077-15931538,8.88215,8.77913,9.21826,8.75415,9.49052,8.94543
7898211,DDI2,9.25515,9.28804,9.32771,9.30634,9.08031,9.17413
7898227,PLEKHM2,10.3121,10.3799,10.3814,9.87246,9.94519,9.94404
7898249,SLC25A34,8.11707,8.0149,7.8321,8.06101,7.92345,8.04609
7898256,TMEM82,7.68143,7.64471,7.58022,7.57714,7.42331,7.7111
7898263,FBLIM1,7.87207,7.95797,7.88618,7.72321,7.86323,7.72907
7898276,chr1:16154724-16155167,10.6984,10.835,10.8874,10.7057,10.8543,10.6512
7898278,SPEN,10.079,9.73028,9.643,10.0694,9.56091,9.61407
7898294,chr1:16237392-16237490,3.73969,3.73576,3.70341,3.75247,3.69825,3.61481
7898296,C1orf64,7.08471,7.09891,7.07263,7.06749,7.16499,7.09465
7898300,CLCNKA,7.84369,7.7876,7.78076,7.99575,7.92989,7.93567
7898314,CLCNKB,7.45918,7.35278,7.28202,7.47679,7.21074,7.52482
7898328,SZRD1,10.0656,10.416,10.4206,10.1782,10.4314,10.4345
7898337,NECAP2,9.49746,9.73888,9.60291,9.49602,9.74154,9.49119
7898355,chr1:16879957-16880028,5.21409,5.59147,5.34882,5.26373,5.42482,5.46586
7898357,LOC102724562,6.6625,6.81757,6.9036,6.84792,6.89587,6.59863
7898373,chr1:17052061-17052133,4.93884,4.95699,4.76286,5.06175,4.87755,5.25694
7898377,CROCC,7.64949,7.69658,7.57543,7.43005,7.58166,7.63902
7898407,LOC100132147,5.16666,4.99186,5.21282,5.09033,4.99902,5.07095
7898413,PADI1,6.91839,7.11128,6.85861,6.79689,6.82159,6.99394
7898431,PADI3,7.28238,7.26634,7.30242,7.16853,7.38945,7.53068
7898448,PADI4,7.0158,7.04594,6.98829,6.95122,6.95609,7.18772
7898466,PADI6,6.47622,6.55233,6.34216,6.48893,6.39719,6.54929
7898483,ARHGEF10L,8.98547,8.55472,8.66238,8.43574,8.20065,8.28584
7898516,ACTL8,7.06611,7.11461,7.05336,6.95955,6.92536,7.01544
7898521,IGSF21,7.23411,7.16441,7.0406,6.96884,6.915,7.24591
7898533,KLHDC7A,7.83621,7.97133,7.76422,8.04011,7.81591,8.27609
7898535,chr1:18839612-18839881,4.99225,5.02847,5.0831,5.14304,5.19467,5.08522
7898537,PAX7,8.08734,8.11217,7.97301,8.05582,8.16695,8.28956
7898549,MRTO4,8.80765,8.75144,8.71176,8.15085,8.70919,8.29851
7898556,PQLC2,8.63913,8.61213,8.66869,8.55379,8.5682,8.64717
7898568,LOC644083,5.63971,5.64067,5.89441,5.47948,5.46944,5.82126
7898570,chr1:19750878-19751093,10.3757,9.82975,10.1904,10.1462,10.3899,10.0496
7898572,chr1:19837086-19837225,3.74634,3.96132,3.76035,3.9193,3.89449,3.93057
7898574,MINOS1,9.20157,9.17097,9.0299,9.11505,9.33376,9.12132
7898582,RPS14P3,7.55883,7.67209,7.69103,7.45795,7.75778,7.53956
7898585,MINOS1-NBL1,8.73949,8.73803,8.59466,8.65836,8.68641,9.01269
7898594,HTR6,7.77631,7.91853,7.72524,7.76083,7.84639,7.90404
7898602,OTUD3,8.25675,8.33358,8.15617,8.16851,8.12209,7.97305
7898607,chr1:20297463-20297762,7.85173,7.54524,7.7212,7.59317,8.04728,7.76055
7898609,PLA2G5,6.98656,6.91203,6.75504,6.62724,6.84792,7.00346
7898616,PLA2G2F,7.48264,7.61436,7.36969,7.32937,7.50957,7.70599
7898623,UBXN10,6.05374,6.01613,5.60799,5.82191,5.64364,5.9625
7898627,VWA5B1,7.11588,7.01644,6.97331,6.97008,6.96358,7.31954
7898653,FAM43B,9.35524,9.43201,9.34012,9.30505,9.20064,9.54745
7898655,CDA,8.50091,8.70865,8.88482,8.35824,7.80404,7.83136
7898663,PINK1,9.88228,9.88486,9.76573,9.05185,9.121,8.8746
7898673,chr1:21724480-21724833,8.67192,9.12981,9.11401,8.52742,8.91453,8.6629
7898675,chr1:21740714-21740785,4.22799,4.30047,4.30043,4.28071,4.33976,4.45089
7898677,HS6ST1,10.5814,10.5161,10.4881,10.9276,11.0269,11.0136
7898679,NBPF3,8.62088,8.58464,8.50935,8.50552,8.49178,8.32505
7898693,ALPL,7.16876,7.05889,7.00721,7.16579,7.02962,7.2658
7898707,LDLRAD2,7.65605,7.47724,7.6443,7.4486,7.48711,7.68982
7898713,CELA3B,8.18403,8.00816,8.0326,8.07411,7.97804,8.3543
7898721,chr1:22313974-22314270,5.28841,5.55187,5.5786,4.94322,5.37755,5.20814
7898723,chr1:22314309-22314408,4.20541,3.95897,4.20485,4.6054,3.90235,3.80469
7898725,CELA3A,7.36868,7.25467,7.25381,7.41922,7.22527,7.43446
7898732,chr1:22337143-22337439,5.51175,5.63521,5.68973,5.80034,5.34414,5.94073
7898734,chr1:22337478-22337588,5.04599,5.17909,5.0016,5.34009,5.16853,5.12553
7898736,LINC00339,7.54335,7.72912,7.83868,7.63137,7.7726,7.58857
7898739,CDC42,7.83243,7.7714,7.78471,7.95434,7.88725,8.02047
7898750,ZBTB40,8.57378,8.45908,8.41057,8.50577,8.36175,8.28913
7898773,EPHA8,7.54935,7.56764,7.499,7.35086,7.2981,7.65537
7898793,C1QA,6.56662,6.5979,6.38492,6.4832,6.57981,6.75334
7898799,C1QC,7.29372,7.40469,7.34009,7.42644,7.25887,7.40955
7898805,C1QB,7.11739,7.11505,6.88572,7.04086,6.86047,7.1338
7898809,EPHB2,7.94444,7.97116,7.94127,8.09105,8.25797,8.17361
7898833,KDM1A,10.0953,10.2581,10.0844,10.2017,10.4922,10.1634
7898854,chr1:23489196-23489303,5.33749,5.18068,5.44743,5.3719,5.3372,5.38965
7898856,chr1:23490446-23490530,7.17576,7.07227,6.80001,6.92692,7.1732,7.06591
7898858,ZNF436-AS1,6.94416,6.8741,6.7725,6.91062,6.95716,6.99346
7898869,MDS2,6.37538,6.41619,6.52273,6.42548,6.42608,6.56683
7898875,RPL11,11.7181,11.5555,11.8293,11.4139,11.6778,11.4989
7898881,TCEB3,10.0039,10.0826,9.94451,9.88542,10.0432,9.95704
7898894,PITHD1,9.4362,9.74077,9.62519,9.1928,9.46889,9.30218
7898902,LYPLA2,10.1339,10.4303,10.4456,10.3828,10.4998,10.6959
7898916,GRHL3,7.71151,7.84587,7.84595,8.13862,8.29524,8.41202
7898939,NIPAL3,9.83505,10.0256,9.80759,9.71573,9.63204,9.41409
7898957,RCAN3,9.83601,9.80124,9.84088,9.88528,10.0594,10.0665
7898967,NCMAP,8.78569,8.92063,8.90706,9.26669,9.27258,9.33912
7898975,SRRM1,11.1265,11.3857,11.4721,11.3477,11.2824,11.3186
7898988,CLIC4,12.3039,12.4009,12.3135,12.1136,12.2179,12.2491
7898998,RHD,6.54666,6.58189,6.46183,6.59827,6.54481,6.91753
7899005,TMEM50A,12.2836,12.3326,12.1703,12.4991,12.4448,12.4718
7899016,SDHD,11.1236,11.3702,11.6284,11.4276,11.4029,11.6438
7899018,TMEM57,9.84596,9.7952,9.56317,9.7038,9.75218,9.73912
7899023,LDLRAP1,9.93774,9.94965,9.80676,9.93038,10.065,9.95352
7899029,MAN1C1,8.13497,7.89805,7.79436,8.24318,7.93921,8.14744
7899043,SEPN1,10.3355,10.1527,10.1822,10.4157,10.346,10.4212
7899057,MTFR1L,9.41031,9.73584,9.6885,9.48689,9.56841,9.5925
7899069,chr1:26203987-26204094,4.7187,4.67495,4.68392,4.80036,4.76008,4.66549
7899071,chr1:26290688-26290791,7.78738,7.81061,7.74059,7.45427,7.29558,7.70293
7899073,chr1:26332707-26332790,5.06926,4.64718,4.67669,4.53093,4.5233,4.90557
7899075,EXTL1,7.45088,7.43918,7.28432,7.22008,7.3277,7.6462
7899087,PDIK1L,8.32124,8.19478,8.25813,8.06567,8.26692,8.10069
7899093,FAM110D,8.60432,8.70189,8.67497,8.59477,8.6169,8.74553
7899096,ZNF593,8.87349,9.01771,9.24807,8.53781,8.89484,8.84615
7899101,CNKSR1,8.98065,8.82071,8.90009,9.10859,9.19366,9.05197
7899124,CATSPER4,6.27449,6.42178,6.25222,6.25176,6.24387,6.28323
7899134,CEP85,8.67866,8.68217,8.76637,9.01422,9.14613,8.83846
7899151,chr1:26573245-26573329,4.03406,3.90917,3.8598,4.03138,4.10422,3.87886
7899153,SH3BGRL3,10.3354,10.2454,10.2031,10.0878,10.2825,10.4787
7899160,CD52,7.10381,7.32965,7.22902,7.4174,7.35501,7.54306
7899167,LIN28A,7.34421,7.6294,7.4014,7.13728,7.38491,7.71328
7899173,DHDDS,10.3375,10.6519,10.5672,10.3191,10.5405,10.5163
7899187,HMGN2,11.9322,11.9526,11.8257,12.1534,12.88,12.2528
7899192,RPS6KA1,10.514,10.543,10.6259,10.2032,10.5058,10.4141
7899220,ARID1A,10.153,9.82639,10.015,10.3747,10.0765,9.94144
7899244,PIGV,8.52025,8.3877,8.38152,8.52631,8.52343,8.58544
7899251,chr1:27141316-27141598,4.51056,4.48037,4.5655,4.45609,4.57867,4.50994
7899253,ZDHHC18,9.47,9.40736,9.35972,9.70967,9.54345,9.76011
7899265,SFN,10.8659,10.7143,10.542,11.1822,11.413,11.3445
7899273,NUDC,9.6225,9.55911,9.52811,9.36671,9.63521,9.44304
7899284,TRNP1,8.64917,8.54515,8.56132,8.61615,8.68855,8.9834
7899287,chr1:27503568-27503768,9.79443,10.0599,10.1919,9.69086,9.84446,10.04
7899289,WDTC1,8.81999,8.61381,8.70786,8.69517,8.84943,8.68515
7899310,TMEM222,9.55878,9.62003,9.69863,9.12802,9.57342,9.50938
7899323,SYTL1,8.07928,8.00825,7.97715,7.7901,7.96167,8.0131
7899343,GPR3,8.44664,8.34172,8.49662,8.37824,8.38421,8.57081
7899346,TMA7,8.36547,8.67771,8.96448,8.92036,9.95157,9.0478
7899348,chr1:28020242-28020343,5.77395,5.80923,5.78481,5.75764,5.58905,5.89937
7899350,FAM76A,8.02234,8.37108,8.04059,8.14577,8.22479,8.30244
7899361,STX12,8.5743,9.09623,8.99869,8.82174,9.09175,9.13221
7899375,chr1:28151049-28151157,4.08718,3.98157,4.04924,3.95352,3.82098,3.7365
7899377,PPP1R8,9.3557,9.65213,9.42765,9.2763,9.4335,9.39942
7899392,SCARNA1,6.47516,5.72098,6.33622,7.4012,6.43582,6.70085
7899394,THEMIS2,6.58388,6.70212,6.50533,6.786,6.68831,6.84491
7899407,SMPDL3B,9.31863,9.24494,9.1855,9.78237,9.91129,9.78547
7899417,XKR8,8.0268,7.9973,7.97222,7.83316,7.93598,7.99761
7899422,AF116696,7.36354,7.33346,7.36129,7.50671,7.2845,7.76524
7899424,ATPIF1,8.24291,8.27338,8.16955,8.03243,8.49756,8.17983
7899436,SESN2,9.1145,8.97325,9.01283,8.41723,8.30991,8.48839
7899448,MED18,6.48409,6.39228,6.52837,6.43559,6.69649,6.53946
7899455,PHACTR4,10.9117,10.8723,11.0939,11.3409,11.1645,11.2035
7899462,RCC1,9.68651,9.71382,9.49613,9.69918,9.90311,9.76705
7899480,SNHG3,12.17,11.5325,11.8348,11.602,11.5892,10.8549
7899484,chr1:28843988-28844086,6.00581,6.31332,5.97906,6.35863,5.83925,5.40207
7899486,TRNAU1AP,8.13003,8.06065,8.06023,8.14243,8.25699,8.36707
7899499,RAB42,5.72072,5.9582,5.89782,6.00309,5.65278,5.73696
7899502,RNU11,8.04122,7.73518,7.61872,8.27977,8.58452,8.5007
7899504,GMEB1,8.35778,8.93992,8.64737,8.70664,8.70709,8.75601
7899517,chr1:29016177-29016306,4.02398,4.0605,4.03287,3.98258,4.00951,4.04931
7899519,YTHDF2,9.41333,9.52428,9.44552,9.52414,9.57993,9.5794
7899528,OPRD1,8.37957,8.23092,8.2079,8.22805,8.3275,8.44251
7899534,EPB41,8.61088,8.79462,8.89081,8.399,8.26034,8.36076
7899560,chr1:29312222-29312320,7.97171,7.73763,7.52729,8.11923,7.66313,7.91507
7899562,PTPRU,8.4421,8.29028,8.30819,8.43514,8.45675,8.46573
7899595,MATN1-AS1,7.20747,7.31643,7.2451,7.01741,7.0117,7.00211
7899600,chr1:31316670-31317000,6.7946,6.82829,6.98606,7.23629,7.0073,7.14501
7899602,AF111851,5.52246,5.36655,5.19102,5.47247,5.38449,5.57575
7899604,ZCCHC17,7.98637,8.53568,8.40182,8.37519,8.87617,8.44909
7899615,SERINC2,9.66828,10.4139,10.4291,9.51934,9.54851,9.6861
7899627,TINAGL1,10.1656,10.0541,10.1004,10.1969,10.3842,10.3033
7899643,HCRTR1,7.38908,7.56187,7.38391,7.6318,7.41159,7.5593
7899654,KHDRBS1,10.1131,10.1121,10.1775,10.3775,10.5258,10.5327
7899675,TMEM39B,8.90319,8.67224,8.75432,8.87123,8.9148,8.87467
7899688,KPNA6,11.2439,11.4161,11.4657,11.055,11.16,11.0044
7899703,TXLNA,10.5253,10.4894,10.3562,10.3594,10.4816,10.4092
7899719,CCDC28B,7.06969,7.20813,7.13415,7.31871,7.27545,7.26268
7899727,IQCC,8.15039,8.25457,8.23386,8.39017,8.44494,8.50001
7899737,EIF3I,11.661,11.8645,11.9309,11.3635,11.7146,11.5296
7899750,FAM167B,7.6509,7.5892,7.50207,7.46306,7.78712,7.96783
7899753,LCK,7.66012,7.57674,7.43968,7.46831,7.55477,7.75164
7899774,HDAC1,10.2885,10.4019,10.2675,10.5511,10.8628,10.7074
7899790,TSSK3,6.5725,6.56549,6.6651,6.60738,6.71734,6.79423
7899795,chr1:32923437-32923736,7.75203,7.51697,7.72666,8.03803,7.79742,7.87673
7899797,ZBTB8B,9.37357,9.51313,9.55566,9.39162,9.46614,9.3862
7899811,chr1:33105552-33105651,3.36389,3.38236,3.38879,3.45256,3.41049,3.35998
7899813,RBBP4,11.8968,12.0895,12.0936,12.0452,12.2378,12.0999
7899821,KIAA1522,9.41991,9.04818,9.14053,9.50831,9.3343,9.29941
7899829,S100PBP,8.57049,8.68449,8.66185,8.64826,8.69026,8.43001
7899841,HPCA,7.25936,7.3546,7.21897,7.26772,7.18015,7.34291
7899849,chr1:33445539-33446073,9.07188,9.1008,9.33106,9.16169,9.16717,9.03698
7899851,AZIN2,7.82207,7.97708,7.86201,7.65009,7.63435,7.86771
7899870,ZNF362,9.60197,9.75071,9.87836,9.82291,9.94483,9.85043
7899882,DQ414819,6.19688,5.67444,5.54866,6.02795,5.90732,5.78393
7899884,ZSCAN20,7.54677,7.46539,7.37536,7.40749,7.33436,7.26374
7899898,HMGB4,4.6952,4.57577,4.59405,4.47529,4.477,4.58694
7899905,HMGB4,5.74102,5.70694,5.6584,5.61342,5.61232,5.58486
7899909,chr1:34578551-34578663,9.23815,9.17182,8.98051,9.7107,9.46451,9.16177
7899911,C1orf94,6.76999,6.61209,6.58523,6.66877,6.78175,6.88108
7899921,GJB5,7.60043,7.6669,7.63846,7.85035,7.86417,8.02235
7899927,GJB4,6.98903,6.95375,6.86035,6.79556,6.80224,7.08754
7899932,GJB3,6.84352,6.85969,7.00925,7.19949,7.3557,7.37557
7899939,GJA4,8.19615,8.29228,8.33711,8.32827,7.93156,8.47196
7899943,ZMYM1,8.38269,8.64675,8.64999,8.31297,8.13554,7.96125
7899955,chr1:35661569-35661661,12.9379,12.7163,12.6558,12.9178,12.9192,12.7449
7899957,ZMYM4,11.5519,11.5153,11.5914,11.5377,11.4303,11.2616
7899988,chr1:35775876-35776026,3.94271,3.67642,3.76235,3.91216,3.84929,3.81322
7899990,NCDN,9.50777,9.42727,9.50672,9.57184,9.60107,9.58306
7900001,TFAP2E,9.00044,9.01684,8.94502,9.04228,8.92479,9.20453
7900009,AGO4,8.97086,8.96204,9.00793,8.90482,8.6943,8.54741
7900030,AGO1,10.5366,10.7364,10.7555,10.4944,10.5399,10.4443
7900051,AGO3,9.77607,9.71074,9.72233,9.82286,9.42789,9.47834
7900076,TEKT2,7.01239,6.9844,6.78986,6.92481,6.83777,7.16144
7900087,ADPRHL2,9.50869,9.63859,9.62089,9.21232,9.43001,9.25317
7900095,MAP7D1,10.0641,9.90286,9.85878,9.79793,9.91454,9.86399
7900119,THRAP3,10.342,10.404,10.3569,10.5896,10.6439,10.5065
7900129,SH3D21,9.01928,8.33179,8.37895,8.98938,8.88501,8.70074
7900144,chr1:37669211-37669317,4.44531,4.40815,4.31444,4.45175,4.29684,4.34926
7900146,ZC3H12A,8.8722,8.72729,8.79957,9.07938,9.03493,9.03024
7900157,RPS27,9.14818,9.52867,9.92573,9.58604,9.79562,9.35179
7900159,DNALI1,7.00473,6.99327,6.84736,6.8528,6.92166,7.06963
7900167,CDCA8,9.08365,8.92769,9.13328,9.41499,9.99923,9.65273
7900181,chr1:38215874-38215972,4.47506,4.54566,4.5743,4.49717,4.46931,4.55608
7900183,MANEAL,9.41336,9.38602,9.35982,9.42706,9.52891,9.59935
7900192,C1orf122,9.85611,9.91588,9.9197,9.56747,10.0123,10.0008
7900197,chr1:38350695-38350793,4.87874,4.70016,4.73332,5.0036,4.62295,4.77517
7900201,UTP11,9.99885,10.6339,10.79,9.9478,10.3469,10.2703
7900212,chr1:38862331-38862437,4.67186,4.58798,4.67358,4.65302,4.51768,4.50676
7900214,chr1:39392542-39392667,4.13155,3.83316,4.1062,4.20176,4.14721,4.13566
7900216,AKIRIN1,10.598,10.699,10.7603,10.5072,10.5878,10.4061
7900228,NDUFS5,12.232,12.4462,12.4742,12.754,12.8854,12.7617
7900235,MACF1,10.0385,9.69889,9.6608,10.0769,9.60977,9.61322
7900336,AY527403,7.815,7.20353,7.37522,8.40893,7.38321,7.35098
7900340,BMP8A,7.99007,8.13319,8.14533,8.08689,7.91778,8.0098
7900350,chr1:39970194-39970267,4.6552,4.89488,4.48546,4.76295,4.85428,4.49343
7900354,PPIE,9.25096,9.31435,9.30788,8.90228,9.18593,9.16547
7900365,MFSD2A,8.31602,8.26885,8.25755,9.29001,8.80096,8.84151
7900382,CAP1,12.0408,12.3943,12.3266,12.1462,12.4176,12.2806
7900395,RLF,10.2333,10.3008,10.2572,10.679,10.151,10.2113
7900405,chr1:40643515-40643621,4.11065,4.01071,3.90576,4.48099,4.05692,3.8428
7900407,chr1:40699416-40699524,4.3364,4.08588,4.18855,4.28258,4.28505,4.12276
7900409,TMCO2,5.15207,5.11229,4.96126,5.20353,5.05205,5.18502
7900413,ZMPSTE24,11.712,11.774,11.7151,11.6679,11.6446,11.6177
7900426,SMAP2,9.49193,9.60183,9.71046,9.60244,9.69815,9.61802
7900438,ZFP69B,9.43462,9.77329,9.7341,9.17951,9.07054,9.09597
7900446,ZFP69,7.90194,7.89222,8.00438,7.94397,7.91391,7.82378
7900454,EXO5,9.09482,9.18276,9.06963,9.15794,9.02477,8.96773
7900461,ZNF684,6.25023,6.40808,6.30421,6.34253,6.43582,6.40125
7900468,NFYC,10.6332,10.9686,10.8484,10.7316,10.7827,10.846
7900488,MIR30E,7.0003,6.65928,6.42082,7.48148,6.95662,6.79518
7900490,MIR30C1,5.37635,5.29364,4.9905,5.32782,5.02118,5.25832
7900492,KCNQ4,7.99725,8.05902,7.97975,7.81911,7.74928,7.76841
7900508,chr1:41270515-41270813,6.96679,6.8268,6.58176,6.88826,6.76441,6.81605
7900510,CTPS1,10.4927,10.3191,10.1451,10.3931,10.4826,9.92695
7900531,GUCA2B,8.04096,8.02837,7.87801,7.82495,7.81232,8.11125
7900538,chr1:42779299-42779471,8.80913,8.32561,8.74553,8.33691,8.83474,8.50866
7900540,RIMKLA,7.38914,7.33241,7.33878,7.37544,7.49618,7.51212
7900546,PPCS,9.88873,10.1586,10.1705,9.59474,10.0507,9.97351
7900555,CCDC30,5.92566,6.18674,6.22104,5.8645,5.8315,5.98843
7900576,PPIH,8.96,9.0684,9.09017,8.90226,9.10214,8.81803
7900585,YBX1,12.8389,12.9489,12.9576,12.8081,12.9282,12.9189
7900597,C1orf50,8.47194,8.50969,8.42206,8.29479,8.63545,8.47705
7900603,LOC100129924,6.96677,7.13164,7.26727,7.07874,6.74106,7.01122
7900609,ERMAP,7.56107,7.34564,7.19896,8.03087,7.89916,7.95
7900624,ZNF691,7.5544,7.54559,7.5151,7.51827,7.68068,7.59183
7900633,chr1:43457109-43457215,4.55554,4.58291,4.50252,4.76131,4.55801,4.58053
7900635,FAM183A,6.83543,6.77392,6.68486,6.9088,6.62522,7.01461
7900639,CFAP57,5.85611,5.90689,5.72102,5.78021,5.79836,5.88123
7900652,chr1:43662087-43662191,5.27023,5.18044,5.36675,5.57064,4.89657,5.19429
7900654,TMEM125,9.51151,9.4964,9.45666,9.01945,9.31217,9.34616
7900658,TIE1,6.53919,6.65996,6.5243,6.60251,6.5881,6.88222
7900683,MPL,6.88935,6.92616,6.9072,6.95501,6.83504,7.13015
7900699,CDC20,10.8437,10.8062,11.0301,10.8796,11.3269,11.2738
7900710,SZT2,8.6782,8.16705,8.2535,8.57606,8.27978,8.16829
7900792,PTPRF,11.9377,11.3372,11.374,11.6641,11.3532,11.28
7900833,KDM4A,9.87045,9.72993,9.55658,9.79772,9.59502,9.45712
7900857,ST3GAL3,8.56091,8.80776,8.74912,8.24649,8.32036,8.27811
7900876,chr1:44182138-44182222,4.45526,3.90614,4.19676,4.28614,4.00308,4.01245
7900878,ARTN,8.64881,8.63587,8.83621,8.57019,8.60001,8.52574
7900888,IPO13,9.85925,9.58789,9.72625,9.64228,9.39966,9.39804
7900911,DPH2,9.1525,9.25154,9.30943,8.46859,8.90115,8.64417
7900922,ATP6V0B,10.0303,10.1909,10.0422,9.85687,10.4104,10.171
7900931,B4GALT2,10.7972,10.6191,10.6873,10.6492,10.8493,10.7988
7900944,CCDC24,7.72609,7.86277,7.6933,7.77361,8.01361,8.12103
7900957,KLF17,6.77083,6.75975,6.63042,6.59898,6.71679,7.06025
7900962,DMAP1,9.17164,9.09049,9.13825,8.97129,9.18438,9.05092
7900977,chr1:44856394-44856495,3.83017,3.78048,3.79096,3.84756,3.86052,3.91666
7900979,RNF220,9.93974,9.90621,9.94096,9.86737,9.80031,9.79834
7900999,C1orf228,7.04096,7.05601,7.14427,6.84578,6.84463,6.92901
7901010,KIF2C,8.24886,8.21774,8.06036,8.90396,8.9898,8.74181
7901036,chr1:45238314-45238388,4.15278,4.24373,4.10901,4.31853,4.2622,4.3128
7901038,RPS8,12.2141,12.6205,12.4978,12.0836,12.1822,12.094
7901046,SNORD55,8.85977,8.21175,8.32357,8.52053,8.5643,8.31758
7901048,SNORD46,10.8561,9.8247,9.77593,11.1394,10.3596,10.5186
7901050,SNORD38A,7.49564,7.34202,7.05496,7.26557,7.01109,6.57046
7901052,SNORD38B,7.59756,6.95997,7.04974,7.55135,7.07442,5.84352
7901054,PLK3,8.07808,8.13199,8.23995,8.01325,8.26962,8.30787
7901071,chr1:45397995-45398098,4.47801,4.61443,4.69781,4.59735,4.62953,4.59369
7901073,UROD,10.34,10.3822,10.3281,10.2343,10.441,10.3273
7901087,HPDL,6.99959,6.90864,6.91055,6.99252,7.00174,6.99392
7901091,TOE1,9.5953,9.63864,9.5774,9.52403,9.79366,9.6035
7901102,MMACHC,8.4458,8.34377,8.39032,8.46096,8.62155,8.70595
7901110,AKR1A1,9.74845,10.2512,10.1371,9.48511,10.0205,9.77642
7901123,NASP,8.43683,8.41892,8.28511,8.81725,8.92435,8.785
7901135,TMEM69,9.59506,9.77761,9.92625,9.76588,9.86664,9.6605
7901140,MAST2,10.7804,10.485,10.588,10.6332,10.5355,10.4319
7901175,TSPAN1,9.83235,10.0602,9.99593,10.5377,10.8125,10.8102
7901187,LURAP1,7.25046,7.34797,7.19026,7.13175,7.11259,7.36972
7901192,RAD54L,8.33542,8.07186,8.07248,8.61435,8.49599,8.46625
7901212,UQCRH,7.92922,8.35521,8.47157,6.95673,8.08016,7.73883
7901219,NSUN4,10.38,10.6058,10.6434,10.1639,10.24,10.1856
7901227,chr1:46824517-46824591,5.68875,5.3616,5.55271,6.88375,5.38626,5.40016
7901229,FAAH,8.64458,8.15888,8.24554,8.49711,8.67338,8.44787
7901247,DMBX1,8.23418,8.26292,8.17425,8.34412,8.08113,8.31807
7901253,TEX38,6.01549,6.04048,6.01816,5.94234,6.20118,6.05137
7901256,CYP4B1,8.24257,8.10964,8.09498,8.7052,8.63575,8.72185
7901272,CYP4X1,11.6527,11.5423,11.651,12.1049,12.2126,12.1854
7901287,CYP4Z1,8.1529,7.50291,7.8986,9.72779,9.32692,9.56429
7901293,CYP4A22,7.12995,6.88217,6.78526,7.1925,6.74591,7.2428
7901299,CMPK1,11.0267,11.0552,11.1517,10.9032,11.0396,10.9444
7901309,FOXE3,8.94394,8.9164,9.07987,8.82578,9.04168,9.09751
7901311,FOXD2,7.12946,7.23093,7.07132,7.01824,7.18324,7.30152
7901314,AF111848,7.58427,7.49464,7.50409,7.67846,7.42439,7.41482
7901316,SLC5A9,6.55217,6.39556,6.46699,6.57022,6.4553,6.66925
7901334,chr1:48809881-48809987,3.51241,3.55628,3.61451,3.54873,3.70033,3.6408
7901336,STRADB,8.73358,9.45393,9.21678,9.00661,8.88143,9.14441
7901338,chr1:48913608-48913741,4.47756,4.42213,4.37502,4.62315,4.47617,4.61105
7901340,AF119862,5.96063,6.035,6.25702,5.89497,5.63898,6.31223
7901342,ELAVL4,4.65612,4.76878,4.6048,4.69966,4.73413,4.72468
7901357,chr1:50791942-50792682,10.0083,10.0354,10.0954,9.99522,10.1002,9.97538
7901359,chr1:51048076-51048183,3.56995,3.60072,3.64422,3.61616,3.5324,3.56914
7901361,chr1:51215967-51216025,3.58575,3.78104,3.39419,3.85045,3.8289,3.85575
7901363,CDKN2C,6.71728,6.76338,6.67484,7.19594,7.63863,7.39257
7901374,chr1:51572894-51573001,3.83108,3.95009,3.87767,3.78618,3.83172,3.94408
7901376,RNF11,9.13278,9.33966,9.40123,8.99209,9.34312,9.20667
7901383,chr1:51847980-51848086,4.27847,4.10687,4.12461,4.23936,4.29094,4.16986
7901385,OSBPL9,11.1587,11.4281,11.4337,11.3092,11.3342,11.3452
7901416,chr1:52461412-52461711,6.00003,6.23105,6.06967,6.31999,6.0972,5.95707
7901418,BTF3L4,11.8371,12.0678,12.0421,11.7155,11.804,11.8783
7901426,ZFYVE9,8.72579,8.61863,8.45439,8.24602,8.17865,7.75774
7901443,chr1:52615776-52616091,7.99445,7.91099,7.82347,8.02002,7.95955,7.89592
7901445,PLA2G12AP1,8.88037,8.78767,8.84419,8.60361,8.78486,8.83095
7901447,PRPF38A,10.5503,10.9539,10.6825,11.1378,11.2054,11.1008
7901460,GPX7,6.51159,6.67369,6.81818,6.58553,6.63377,6.72457
7901466,FAM159A,6.3037,6.23798,6.09214,6.22632,6.28712,6.4678
7901477,chr1:53180071-53180366,6.83892,6.8646,6.64923,6.81757,6.74774,6.9663
7901479,ZYG11B,9.44064,9.51042,9.57615,9.74007,9.63938,9.68842
7901495,chr1:53267886-53268008,4.022,3.91073,4.00259,3.93261,4.11868,4.08877
7901497,ZYG11A,8.3912,8.28551,8.26245,8.57547,8.35488,8.12243
7901513,SCP2,9.51903,9.8392,9.68943,9.70878,9.7746,9.67669
7901535,PODN,7.18691,7.26068,7.16367,7.16339,7.14001,7.1522
7901549,CPT2,8.20834,8.3456,8.41954,8.47025,8.66593,8.46397
7901557,DMRTB1,7.98749,8.085,8.02433,8.06367,7.87917,8.17654
7901563,chr1:54275947-54276056,3.82335,4.02187,3.99617,3.95851,4.05334,4.0875
7901565,DIO1,5.75841,5.45752,5.72771,5.8519,5.63359,5.90727
7901577,LRRC42,10.0264,10.236,10.2769,9.86938,10.0525,9.98995
7901592,TCEANC2,7.72713,7.69696,7.84478,8.10792,8.24542,8.09339
7901601,MRPL37,11.6012,11.8036,11.7575,11.5012,11.7355,11.5583
7901611,SSBP3-AS1,7.22697,7.27763,7.16649,7.03783,7.26389,7.27929
7901613,ACOT11,7.37949,7.22121,7.21733,7.48324,7.48045,7.83835
7901634,MROH7-TTC4,7.34773,7.26299,7.31247,7.23881,7.19231,7.31063
7901662,MROH7-TTC4,8.46496,8.92892,8.67233,8.20094,8.59783,8.40956
7901675,LEXM,5.91532,5.83918,5.79342,6.07461,5.91188,6.25901
7901687,TMEM61,8.39507,8.569,8.40678,8.49084,8.52594,8.6278
7901691,BSND,6.66386,6.67823,6.65412,6.76137,6.77122,6.91861
7901696,PCSK9,8.68141,8.29756,8.38783,9.27889,9.36769,9.07769
7901710,chr1:55839110-55839177,3.28076,3.53843,3.7775,3.53111,3.79567,3.48505
7901712,chr1:55864187-55864293,3.99945,4.06736,3.98049,4.05319,3.92788,4.05321
7901714,AK127270,6.40776,6.44072,6.17014,6.81883,6.60082,6.26671
7901720,PRKAA2,9.6802,9.88591,9.81499,9.57922,9.50758,9.48369
7901732,C8A,5.15699,5.12953,5.16678,5.20628,5.01671,5.21071
7901744,chr1:59187955-59188041,6.79222,6.56067,6.62801,6.75749,6.36091,6.42954
7901746,chr1:59213662-59213771,9.4306,9.28369,9.18831,9.25011,9.25846,9.39967
7901748,FGGY,7.70601,7.98357,7.83802,7.89931,7.83538,7.97504
7901765,HOOK1,8.90012,8.86644,8.98306,8.78016,8.7924,8.60618
7901788,NFIA,10.4656,10.5007,10.709,10.7329,10.7436,10.7307
7901802,MGC34796,7.3563,7.36435,7.36665,7.25877,7.40084,7.54756
7901804,PATJ,10.6378,10.5288,10.5353,10.5959,10.4308,10.2663
7901852,chr1:62282091-62282195,6.14323,5.57744,6.06067,6.79611,6.1496,5.21694
7901854,chr1:62318171-62318274,5.19094,4.8777,5.01416,5.09302,4.98471,4.98276
7901856,LAMTOR5P1,7.75138,8.37274,8.04065,7.98816,8.12221,7.97344
7901858,chr1:62538120-62538413,6.66136,6.66413,6.73201,6.57382,6.52368,6.70426
7901860,L1TD1,4.13337,4.15446,4.11315,4.07421,4.11158,4.24785
7901867,USP1,10.554,10.6619,10.6784,10.265,10.4481,10.3767
7901883,ANGPTL3,3.95942,3.88983,3.82258,3.79271,3.80195,3.91337
7901895,ATG4C,8.71283,9.16472,9.08105,8.90001,8.81999,8.69425
7901911,chr1:63704614-63704797,5.58118,5.50329,5.52107,5.58266,5.56039,5.49948
7901913,FOXD3,7.22371,7.21503,7.00955,7.02008,7.14866,7.21901
7901915,ALG6,8.00685,8.09565,7.81335,8.58754,8.60998,8.39029
7901931,EFCAB7,8.06749,8.20834,8.23266,8.04311,7.83833,7.78723
7901948,DLEU2L,3.56938,3.46895,3.51078,3.5258,3.51325,3.46239
7901951,PGM1,10.3863,10.6579,10.5866,10.5395,10.6681,10.5842
7901967,chr1:64121426-64121718,7.43869,7.02478,7.14665,7.06044,7.19526,7.13817
7901969,ROR1,9.08865,9.26726,9.30725,9.35068,9.39568,9.46062
7901982,UBE2U,4.18332,4.01102,4.02259,4.09703,4.01873,4.12999
7901993,CACHD1,8.87938,8.95011,8.96235,8.75718,8.32195,8.33508
7902023,RAVER2,9.91078,10.0043,10.3047,9.91674,9.96579,9.97417
7902036,chr1:65591705-65591858,9.04535,9.18279,8.83571,9.02915,8.8621,8.9761
7902038,AK4,9.2762,9.39402,9.37165,9.13395,9.43881,9.78927
